{
    "glioma": {
        "precision": 0.7887931034482759,
        "recall": 0.6120401337792643,
        "f1-score": 0.6892655367231638,
        "support": 299
    },
    "meningioma": {
        "precision": 0.624113475177305,
        "recall": 0.5827814569536424,
        "f1-score": 0.6027397260273973,
        "support": 302
    },
    "notumor": {
        "precision": 0.833810888252149,
        "recall": 0.941747572815534,
        "f1-score": 0.8844984802431612,
        "support": 309
    },
    "pituitary": {
        "precision": 0.7485380116959064,
        "recall": 0.8677966101694915,
        "f1-score": 0.803767660910518,
        "support": 295
    },
    "accuracy": 0.7518672199170124,
    "macro avg": {
        "precision": 0.748813869643409,
        "recall": 0.7510914434294831,
        "f1-score": 0.7450678509760601,
        "support": 1205
    },
    "weighted avg": {
        "precision": 0.7492096973898646,
        "recall": 0.7518672199170124,
        "f1-score": 0.7456757536134769,
        "support": 1205
    }
}