{
    "glioma": {
        "precision": 0.6028985507246377,
        "recall": 0.6956521739130435,
        "f1-score": 0.6459627329192547,
        "support": 299
    },
    "meningioma": {
        "precision": 0.47530864197530864,
        "recall": 0.25496688741721857,
        "f1-score": 0.33189655172413796,
        "support": 302
    },
    "notumor": {
        "precision": 0.6071428571428571,
        "recall": 0.7152103559870551,
        "f1-score": 0.6567607726597325,
        "support": 309
    },
    "pituitary": {
        "precision": 0.6497005988023952,
        "recall": 0.735593220338983,
        "f1-score": 0.6899841017488075,
        "support": 295
    },
    "accuracy": 0.6,
    "macro avg": {
        "precision": 0.5837626621612997,
        "recall": 0.6003556594140751,
        "f1-score": 0.5811510397629832,
        "support": 1205
    },
    "weighted avg": {
        "precision": 0.5834677975494268,
        "recall": 0.6,
        "f1-score": 0.5807966842583422,
        "support": 1205
    }
}