{
    "glioma": {
        "precision": 0.993127147766323,
        "recall": 0.9665551839464883,
        "f1-score": 0.9796610169491525,
        "support": 299
    },
    "meningioma": {
        "precision": 0.9634551495016611,
        "recall": 0.9602649006622517,
        "f1-score": 0.9618573797678275,
        "support": 302
    },
    "notumor": {
        "precision": 0.9778481012658228,
        "recall": 1.0,
        "f1-score": 0.9888,
        "support": 309
    },
    "pituitary": {
        "precision": 0.9865319865319865,
        "recall": 0.9932203389830508,
        "f1-score": 0.9898648648648648,
        "support": 295
    },
    "accuracy": 0.9800829875518672,
    "macro avg": {
        "precision": 0.9802405962664483,
        "recall": 0.9800101058979477,
        "f1-score": 0.9800458153954612,
        "support": 1205
    },
    "weighted avg": {
        "precision": 0.9801580677590934,
        "recall": 0.9800829875518672,
        "f1-score": 0.9800405874629173,
        "support": 1205
    }
}