{
    "glioma": {
        "precision": 1.0,
        "recall": 0.9698996655518395,
        "f1-score": 0.9847198641765704,
        "support": 299
    },
    "meningioma": {
        "precision": 0.9583333333333334,
        "recall": 0.9900662251655629,
        "f1-score": 0.9739413680781759,
        "support": 302
    },
    "notumor": {
        "precision": 0.9967741935483871,
        "recall": 1.0,
        "f1-score": 0.9983844911147012,
        "support": 309
    },
    "pituitary": {
        "precision": 0.9931740614334471,
        "recall": 0.9864406779661017,
        "f1-score": 0.9897959183673468,
        "support": 295
    },
    "accuracy": 0.9867219917012449,
    "macro avg": {
        "precision": 0.9870703970787919,
        "recall": 0.9866016421708761,
        "f1-score": 0.9867104104341986,
        "support": 1205
    },
    "weighted avg": {
        "precision": 0.9870591208265438,
        "recall": 0.9867219917012449,
        "f1-score": 0.9867652582748662,
        "support": 1205
    }
}